Phrase;Soft Skill
J’ai dirigé une équipe de cinq développeurs;Leadership
Je suis capable de m'adapter à différentes situations;Adaptabilité / Flexibilité
Je respecte toujours les délais imposés;Gestion du temps
J’ai proposé une solution innovante au problème;Créativité
Je communique facilement mes idées à l’oral;Communication
Je suis capable de travailler efficacement en équipe;Travail en équipe
J’ai organisé le travail de chaque membre de l’équipe;Gestion du temps
J’ai appris à travailler sous pression;Gestion du stress
Je suis ponctuel et respecte toujours les horaires;Gestion du temps
Je prends des initiatives sans attendre qu’on me donne des ordres;Autonomie
J’ai encadré des stagiaires pendant leur projet de fin d’études;Leadership
J’ai facilité la communication entre les membres de l’équipe;Communication
Je m’implique dans la résolution de conflits;Résolution de problèmes
Je suis toujours à l’écoute de mes collègues;Communication
J’ai participé à des projets en méthode agile;Collaboration
Je réfléchis avant de prendre des décisions importantes;Esprit critique
J’anticipe les problèmes avant qu’ils n’arrivent;Résolution de problèmes
J’ai conçu des solutions originales aux blocages rencontrés;Créativité
J’analyse les situations avant de proposer une réponse;Esprit critique
Je suis très attentif aux détails dans mes projets;Gestion du temps
J’ai animé plusieurs réunions d’équipe;Leadership
J’ai appris à coopérer avec des profils très différents;Collaboration
J’ai une grande facilité d’adaptation face à l’imprévu;Adaptabilité / Flexibilité
Je suis proactif quand il s’agit de résoudre des problèmes;Résolution de problèmes
Je sais donner un retour constructif à mes collègues;Communication
Je suis très organisé dans la gestion de mes tâches;Gestion du temps
Je participe activement aux daily meetings;Collaboration
J’ai planifié le sprint avec mon équipe;Gestion du temps
Je m’assure que tous les objectifs sont atteints à temps;Gestion du temps
J’ai réduit les erreurs de production grâce à des vérifications régulières;Résolution de problèmes
Je suis capable de motiver une équipe dans les moments difficiles;Leadership
J’ai mené le projet du début à la fin en toute autonomie;Autonomie
Je suis curieux d’apprendre de nouvelles méthodes de travail;Curiosité
Je collabore étroitement avec le designer UX;Collaboration
Je suis capable d’exprimer clairement mes idées à l’écrit;Communication
Je suis souvent force de proposition pour améliorer les processus;Créativité
Je m’implique dans chaque mission avec sérieux;Autonomie
Je cherche toujours à comprendre avant d’agir;Esprit critique
Je respecte les opinions différentes des miennes;Communication
Je suis à l’aise pour présenter mes idées devant un public;Communication
Je suis toujours disponible pour aider mes collègues;Travail en équipe
J’ai assuré la coordination entre plusieurs services;Leadership
Je suis capable de prioriser les tâches importantes;Gestion du temps
Je sais m’adapter aux changements de dernière minute;Adaptabilité / Flexibilité
Je suis attentif au suivi des tâches en cours;Gestion du temps
Je fais preuve de diplomatie dans mes échanges professionnels;Communication
Je suis rigoureux et fiable dans l’exécution des consignes;Gestion du temps
Travail en équipe Agile (Scrum) avec 6 développeurs;Travail en équipe
Travail en équipe;Travail en équipe
Créativité et autonomie;Créativité, Autonomie
Présentation orale fluide;Communication
Participation au Hackathon IoT 2023 (2e place);Créativité
Capacité éprouvée à diriger des équipes et à résoudre des problèmes complexes;Leadership, Résolution de problèmes
Capacité éprouvée à diriger des équipes;Leadership
Capacité éprouvée à résoudre des problèmes complexes;Résolution de problèmes
Supervision d’une équipe de cinq développeurs, en assurant la coordination des tâches;Leadership
Maintien d’un environnement de travail collaboratif;Collaboration
Résolution proactive des problèmes de performance;Résolution de problèmes
Participation active au développement de plusieurs applications web complexes;Collaboration
Collaboration étroite avec l’équipe UX/UI pour améliorer l’expérience utilisateur;Collaboration
Collaboration étroite avec l’équipe de développement pour résoudre les problèmes techniques;Collaboration, Résolution de problèmes
Assurer la livraison en temps voulu;Gestion du temps
Participation à des réunions d’équipe régulières pour présenter les progrès;Collaboration, Communication
Proposer des améliorations pour optimiser l’efficacité du processus de développement;Créativité, Esprit critique
Résolution des problèmes complexes en autonomie;Résolution de problèmes, Autonomie
Forte rigueur dans l'exécution des tâches;Gestion du temps
Support technique de qualité avec feedback client;Communication
Je suis un développeur web passionné par la création d'interfaces utilisateur exceptionnelles et le développement de fonctionnalités innovantes pour améliorer l'expérience utilisateur.;Créativité
Collaboration étroite avec les équipes de conception pour assurer l'alignement des fonctionnalités et du design.;Collaboration
Résolution de problèmes techniques.;Résolution de problèmes
Capacité éprouvée à diriger des équipes et à résoudre des problèmes complexes;Leadership, Résolution de problèmes
Supervision d’une équipe de cinq développeurs, en assurant la coordination des tâches;Leadership
Maintien d’un environnement de travail collaboratif;Collaboration
Résolution proactive des problèmes de performance;Résolution de problèmes
Participation active au développement de plusieurs applications web complexes;Collaboration
Mise en œuvre de tests automatisés, ce qui a permis de réduire de 30 % les erreurs de production;Résolution de problèmes
Collaboration étroite avec l’équipe UX/UI pour améliorer l’expérience utilisateur;Collaboration
Collaboration étroite avec l’équipe de développement pour résoudre les problèmes techniques;Collaboration, Résolution de problèmes
Assurer la livraison en temps voulu;Gestion du temps
Participation à des réunions d’équipe régulières pour présenter les progrès;Collaboration, Communication
Proposer des améliorations pour optimiser l’efficacité du processus de développement;Créativité, Esprit critique
Contribution à la conception et au développement d’une application de gestion de base de données;Créativité
Respect des délais et des exigences de qualité;Gestion du temps

